{
	"class_name" : "PinholeCameraParameters",
	"extrinsic" : 
	[
		1.0,
		-0.0,
		-0.0,
		0.0,
		0.0,
		-1.0,
		-0.0,
		0.0,
		0.0,
		-0.0,
		-1.0,
		0.0,
		-303.5,
		421.0,
		737.94840146461024,
		1.0
	],
	"intrinsic" : 
	{
		"height" : 846,
		"intrinsic_matrix" : 
		[
			732.65749160163512,
			0.0,
			0.0,
			0.0,
			732.65749160163512,
			0.0,
			618.5,
			422.5,
			1.0
		],
		"width" : 1238
	},
	"version_major" : 1,
	"version_minor" : 0
}