{
	"class_name" : "PinholeCameraParameters",
	"extrinsic" : 
	[
		1.0,
		-0.0,
		-0.0,
		0.0,
		0.0,
		-1.0,
		-0.0,
		0.0,
		0.0,
		-0.0,
		-1.0,
		0.0,
		-303.5,
		421.0,
		737.94840146461024,
		1.0
	],
	"intrinsic" : 
	{
		"height" : 666,
		"intrinsic_matrix" : 
		[
			576.77291892043615,
			0.0,
			0.0,
			0.0,
			576.77291892043615,
			0.0,
			638.5,
			332.5,
			1.0
		],
		"width" : 1278
	},
	"version_major" : 1,
	"version_minor" : 0
}